A Better Way,7857 State Highway 59, ,Foley,AL,36535,USA,,A great place to shop for Steviva Brands products,,7a - 9p - 7 days a week,(251) 955-5322
A Street Clinic,1020 A Street S.E.#4, ,Auburn,WA,98002,USA,,A great place to shop for Steviva Brands products,,7a - 9p - 7 days a week,(253) 939-0909
Aloha Bales Thriftway,17675 SW Farmington Rd,,Aloha,OR,97007,USA, ,A great place to shop for Steviva Brands products,http://www.balesmarketplace.com/farmington.htm,7a - 9p - 7 days a week,503-649-8597
Amazing Grace Whole Foods,1133 Bardstown Road,,Louisville,KY,40204,USA,,A great place to shop for Steviva Brands products,amazinggracewholefoods.com,7a - 9p - 7 days a week,(502) 485-1122
Ann's Health Food,9800 Highway 107,,Sherwood,AR,72120,USA,,A great place to shop for Steviva Brands products,,7a - 9p - 7 days a week,(501) 835-6415
Apothecary Aromas & More,PO Box 2076 604-A E. South Street,,Ozark,MO,65721,USA,,A great place to shop for Steviva Brands products,,7a - 9p - 7 days a week,(417) 581-7777
Associated Supermarket,216 5th Avenue,,Brooklyn,NY,11215,USA,,A great place to shop for Steviva Brands products,associatedsupermarkets.com,7a - 9p - 7 days a week,(718) 789-4499
Associated Supermarket,229 Knickerbocker Avenue,,Brooklyn,NY,11237,USA,,A great place to shop for Steviva Brands products,associatedsupermarkets.com,7a - 9p - 7 days a week,(718) 456-4707
Associated Supermarket,"492 Myrtle Avenue, Brooklyn",,Brooklyn,NY,11205,USA,,A great place to shop for Steviva Brands products,associatedsupermarkets.com,7a - 9p - 7 days a week,(718) 789-9674
Associated Supermarket,905 Franklin Avenue,,Brooklyn,NY,11225,USA,,A great place to shop for Steviva Brands products,associatedsupermarkets.com,7a - 9p - 7 days a week,(718) 756-3069
Associated Supermarket,367 Waverly Avenue,,Brooklyn,NY,11238,USA,,A great place to shop for Steviva Brands products,associatedsupermarkets.com,7a - 9p - 7 days a week,(718) 638-5454
Associated Supermarket,7918 3rd Avenue,,Brooklyn,NY,11209,USA,,A great place to shop for Steviva Brands products,associatedsupermarkets.com,7a - 9p - 7 days a week,(718) 745-0775
Associated Supermarket,2722 Church Avenue,,Brooklyn,NY,11226,USA,,A great place to shop for Steviva Brands products,associatedsupermarkets.com,7a - 9p - 7 days a week,(718) 462-9010
Associated Supermarket,1413 Avenue J,,Brooklyn,NY,11230,USA,,A great place to shop for Steviva Brands products,associatedsupermarkets.com,7a - 9p - 7 days a week,(718) 253-3500
Associated Supermarket,650 Flatbush Avenue,,Brooklyn,NY,11225,USA,,A great place to shop for Steviva Brands products,associatedsupermarkets.com,7a - 9p - 7 days a week,(718) 703-1650
Associated Supermarket,1291 Broadway,,Brooklyn,NY,11221,USA,,A great place to shop for Steviva Brands products,associatedsupermarkets.com,7a - 9p - 7 days a week,(718) 443-7913
Aylward's Natural Food Inc,342 Main Street,,Hackensack,NJ,7601,USA,,A great place to shop for Steviva Brands products,,7a - 9p - 7 days a week,(201) 342-1932
B-Alive,2321 South Oneida Street,,Green Bay,WI,54304,USA,,A great place to shop for Steviva Brands products,4balive.com,7a - 9p - 7 days a week,(920) 499-7396
Bambi's Green Acres Natural Food,805 South Main Street,,Council Bluffs,IA,51503,USA,,A great place to shop for Steviva Brands products,greenacresnaturalfoods.com,7a - 9p - 7 days a week,(712) 323-5799
Barbur World Foods,9845 Southwest Barbur Boulevard,,Portland,OR,97219,USA,,A great place to shop for Steviva Brands products,barburworldfoods.com,7a - 9p - 7 days a week,(503) 244-0670
Barger Chiropractic Office,401 Glenn Drive,,Folsom,CA,95630,USA,,A great place to shop for Steviva Brands products,,7a - 9p - 7 days a week,(916) 984-9999
Bayview Thriftway,1908 4th Avenue East,,Olympia,WA,98506,USA,,A great place to shop for Steviva Brands products,bayviewthriftway.com,7a - 9p - 7 days a week,(360) 352-4901
Bee Happy Natural Foods,4125 State Highway 15 Bus Route,,Laurel,MS,39440,USA,,A great place to shop for Steviva Brands products,,7a - 9p - 7 days a week,(601) 428-9708
Beehive Natural Foods,5750 Bird Road,,Miami,FL,33155,USA,,A great place to shop for Steviva Brands products,,7a - 9p - 7 days a week,(305) 666-3360
Berry Pharmacy,31 Depot St. Box 441,,Berry,AL,35546,USA,,A great place to shop for Steviva Brands products,,7a - 9p - 7 days a week,(205) 689-4777
Bonne Sante' Health Foods,1512 East 53rd Street,,Chicago,IL,60615,USA,,A great place to shop for Steviva Brands products,bonnesantehealthfoods.com,7a - 9p - 7 days a week,(773) 667-5700
Bonne Sante' Health Foods,4111 183rd Street,,Country Club Hills,IL,60478,USA,,A great place to shop for Steviva Brands products,2gethealthy.biz,7a - 9p - 7 days a week,(708) 957-0595
Brean N Bread,1009 S. Jackson Street,,Jacksonville,TX,75766,USA,,A great place to shop for Steviva Brands products,,7a - 9p - 7 days a week,(903) 589-8604
Bulk Food Depot,5457 Radford Road,,Athens,OH,45701,USA,,A great place to shop for Steviva Brands products,,7a - 9p - 7 days a week,(740) 594-5093
Carabasi Chiropractic Center,21 crested butte ct,,shamong,NJ,8088,USA,,A great place to shop for Steviva Brands products,,7a - 9p - 7 days a week,(856) 983-3373
Cincinnati Natural Foods,6911 Miami Avenue,,Cincinnati,OH,45243,USA,,A great place to shop for Steviva Brands products,cincinnatinaturalfoods.com,7a - 9p - 7 days a week,(513) 271-7777
Cliff's Country Market,217 Blaine Street,,Caldwell,ID,83605,USA,,A great place to shop for Steviva Brands products,,7a - 9p - 7 days a week,208-455-2460
Coastal Community Market,606 Broad Street,,Beaufort,NC,28516,USA,,A great place to shop for Steviva Brands products,coastalcommunitymarket.com,7a - 9p - 7 days a week,(252) 728-2844
Cook's Natural Market,726 West Walnut Street,,Rogers,AR,72756,USA,,A great place to shop for Steviva Brands products,cooksnaturalmkt.com,7a - 9p - 7 days a week,(479) 936-8306
Co-op Natural Foods,2504 South Duluth Avenue,,Sioux Falls,SD,57105,USA,,A great place to shop for Steviva Brands products,coopnaturalfoods.com,7a - 9p - 7 days a week,(605) 339-9506
Co-opportunity,1525 Broadway,,Santa Monica,CA,90404,USA,,A great place to shop for Steviva Brands products,www.coopportunity.com,7a - 9p - 7 days a week,(310) 451-8902
Cutsforth's Thriftway,225 Northeast 2nd Avenue,,Canby,OR,97013,USA,,A great place to shop for Steviva Brands products,cutsforths.com,7a - 9p - 7 days a week,(503) 266-4276
Deloris Carol's House of Herbs,23647 U.S. 33,,Elkhart,IN,46517,USA,,A great place to shop for Steviva Brands products,,7a - 9p - 7 days a week,(574) 875-7988
DK's Nutrition Center,910 Arlington Ctr,,Ada,OK,74820,USA,,A great place to shop for Steviva Brands products,,7a - 9p - 7 days a week,(580) 332-1130
Dudley Chiropractic,7240 W.Lake Mead Blvd. #3,,Las Vegas,NV,89128,USA,,A great place to shop for Steviva Brands products,,7a - 9p - 7 days a week,(702) 453-0440
Earth Roots,28 W. Chicago Street,,Coldwater,MI,49036,USA,,A great place to shop for Steviva Brands products,,7a - 9p - 7 days a week,(517) 781-4835
Edmond Health Foods,1530 South Boulevard Street,,Edmond,OK,73013,USA,,A great place to shop for Steviva Brands products,,7a - 9p - 7 days a week,(405) 341-6443
End of the Line Cafe,610 East Wright Street,,Pensacola,FL,32501,USA,,A great place to shop for Steviva Brands products,www.eotlcafe.com,7a - 9p - 7 days a week,(850) 429-0336
Fake It,105 East Broad Street,,Statesville,NC,28677,USA,,A great place to shop for Steviva Brands products,,7a - 9p - 7 days a week,(704) 878-9497
Family Fresh Market,2351 Coulee Road,,Hudson,WI,54016,USA,,A great place to shop for Steviva Brands products,www.familyfreshmarket.com,7a - 9p - 7 days a week,(715) 381-1413
Fedorko Chiropractic Health Center,7572 Arlington Ave. NW,,Massillon,OH,44646,USA,,A great place to shop for Steviva Brands products,,7a - 9p - 7 days a week,(330) 494-0422
Fiesta Nutrition Center,2225 Louisville Avenue,,Monroe,LA,71201,USA,,A great place to shop for Steviva Brands products,www.fiestanutritionctr.com,7a - 9p - 7 days a week,(318) 387-8446
Fiesta Nutrition Center,1211 North 18th Street,,Monroe,LA,71201,USA,,A great place to shop for Steviva Brands products,fiestanutritionctr.com,7a - 9p - 7 days a week,(318) 387-8446
Flat Belly Organics,3326 North Midkiff Road,,Midland,TX,79705,USA,,A great place to shop for Steviva Brands products,,7a - 9p - 7 days a week,(432) 699-1410
Flour Mill - Hayden,88 W. Commerce Drive,,Hayden Lake,ID,83835,USA,,A great place to shop for Steviva Brands products,,7a - 9p - 7 days a week,(208) 772-2911
Food For Thought,2929 E Central Ave,,Wichita,KS,67214,USA,,A great place to shop for Steviva Brands products,,7a - 9p - 7 days a week,(316) 683-6078
Food For Thought of Sebring,301 US Highway 27 N,,Sebring,FL,33870,USA,,A great place to shop for Steviva Brands products,,7a - 9p - 7 days a week,(863) 385-8995
Food Front Hillsdale,6344 SW Capitol Highway,,Portland,OR,97239,USA,,A great place to shop for Steviva Brands products,http://www.foodfront.coop/,7a - 9p - 7 days a week,(503) 546-6559
Food Front Northwest,2375 NW Thurman St.,,Portland,OR,97210,USA,,A great place to shop for Steviva Brands products,http://www.foodfront.coop/,7a - 9p - 7 days a week,(503) 222-5658
Foods For Life,1407 Memorial Parkway Southwest,,Huntsville,AL,35801,USA,,A great place to shop for Steviva Brands products,,7a - 9p - 7 days a week,(256) 533-2050
Fresh & Natural Hudson,"1701 Ward Avenue, Hudson",,Hudson,WI,54016,USA,,A great place to shop for Steviva Brands products,freshandnaturalfoods.com,7a - 9p - 7 days a week,(715) 377-9913
Fresh Fanatic,275 Park Avenue,,Brooklyn,NY,11205,USA,,A great place to shop for Steviva Brands products,freshfanatic.com,7a - 9p - 7 days a week,(888) 373-7404
Good Earth Natural Foods,5153 14th Street West,,Bradenton,FL,34207,USA,,A great place to shop for Steviva Brands products,goodearthfoods.com,7a - 9p - 7 days a week,(941) 753-8902
Good Earth Natural Foods,6717 Manatee Avenue West,,Bradenton,FL,34209,USA,,A great place to shop for Steviva Brands products,goodearthfoods.com,7a - 9p - 7 days a week,(941) 795-0478
Good Earth Natural Foods,3110 53rd Avenue East,,Bradenton,FL,34203,USA,,A great place to shop for Steviva Brands products,goodearthfoods.com,7a - 9p - 7 days a week,(941) 756-4372
Good Earth Natural Foods,8140 Lakewood Main Street,,Bradenton,FL,34202,USA,,A great place to shop for Steviva Brands products,goodearthfoods.com,7a - 9p - 7 days a week,(941) 907-3073
Good Life Health Foods,6132 North Hearne Avenue,,Shreveport,LA,71108,USA,,A great place to shop for Steviva Brands products,,7a - 9p - 7 days a week,(318) 635-4753
Gracefully Gourmet,28 Avenue A,,New York,NY,10009,USA,,A great place to shop for Steviva Brands products,,7a - 9p - 7 days a week,(212) 677-8181
Gracefully Gourmet,320 1st Avenue,,New York,NY,10009,USA,,A great place to shop for Steviva Brands products,,7a - 9p - 7 days a week,(212) 260-1010
Green 4 Life,213 W Walnut St.,,Rogers,AR,72756,USA,,A great place to shop for Steviva Brands products,,7a - 9p - 7 days a week,(479) 633-8760
Green Acres Market,4175 N Mulberry Dr.,,Kansas City,MO,64116,USA,,A great place to shop for Steviva Brands products,,7a - 9p - 7 days a week,(816) 746-0010
Green Gourmet Market,214 3rd Avenue,,New York,NY,10003,USA,,A great place to shop for Steviva Brands products,,7a - 9p - 7 days a week,(212) 533-8088
Hana Food,534 Metropolitan Avenue,,Brooklyn,NY,11211,USA,,A great place to shop for Steviva Brands products,,7a - 9p - 7 days a week,(718) 218-7747
Harvest Fresh Grocery,251 Northeast 3rd Street,,Mcminnville,OR,97128,USA,,A great place to shop for Steviva Brands products,harvestfresh.com,7a - 9p - 7 days a week,(503) 472-5740
Hawkins Chiropractic,909 Market Street,,Portland,TX,78374,USA,,A great place to shop for Steviva Brands products,,7a - 9p - 7 days a week,(361) 777-3600
Health Arena,2201 South w S Young Drive,,Killeen,TX,76543,USA,,A great place to shop for Steviva Brands products,,7a - 9p - 7 days a week,(254) 628-9219
Health Food Center,714 West Wheatland Road,,Duncanville,TX,75116,USA,,A great place to shop for Steviva Brands products,,7a - 9p - 7 days a week,(972) 296-4613
Health Foods Unlimited,2250 Miamisburg Centerville Road,,Centerville,OH,45459,USA,,A great place to shop for Steviva Brands products,healthfoodsunlimited.com,7a - 9p - 7 days a week,(937) 433-5100
Healthy Choices,205 West Church Street,,Carlsbad,NM,88220,USA,,A great place to shop for Steviva Brands products,www.healthychoicesnm.com,7a - 9p - 7 days a week,(575) 887-3291
Healthy Life Market,5101 Maccorkle Avenue Southeast,,Charleston,WV,25304,USA,,A great place to shop for Steviva Brands products,www.healthylifemarket.com,7a - 9p - 7 days a week,(304) 352-5766
Healthy Life Market,1603 Kanawha Boulevard West,,Charleston,WV,25312,USA,,A great place to shop for Steviva Brands products,www.healthylifemarket.com,7a - 9p - 7 days a week,(304) 352-5765
Healthy Life Market,3 Mall Road,,Barboursville,WV,25504,USA,,A great place to shop for Steviva Brands products,healthylifemarket.com,7a - 9p - 7 days a week,(304) 736-9435
Herbal Awakenings,2216 6th St,,Wausau,WI,54403,USA,,A great place to shop for Steviva Brands products,,7a - 9p - 7 days a week,(715) 845-8787
Holistic Health,2585 E. NICHOLS CIRCLE,,CENTENNIAL,CO,80122,USA,,A great place to shop for Steviva Brands products,,7a - 9p - 7 days a week,
HyVee Albany,703 E. US Highway 136,,Albany,MO,64402,USA,,A great place to shop for Steviva Brands products,,7a - 9p - 7 days a week,(660) 726-5816
HyVee Belton,1307 East North Avenue,,Belton,MO,64012,USA,,A great place to shop for Steviva Brands products,,7a - 9p - 7 days a week,(816) 318-0400
HyVee Bethany,1104 South 25th Street,,Bethany,MO,64424,USA,,A great place to shop for Steviva Brands products,,7a - 9p - 7 days a week,(660) 425-6353
Ideal Weight Loss,3206 Northwood Dr.,,Highland Village,TX,75077,USA,,A great place to shop for Steviva Brands products,,7a - 9p - 7 days a week,(972) 966-2292
Intelligent Nutrition,2012 NW 1st Avenue,,Delray Beach,FL,33444,USA,,A great place to shop for Steviva Brands products,,7a - 9p - 7 days a week,
Izor Chiropractic Wellness Center,7259 Sawmill Rd. Suite 150,,Dublin,OH,43016,USA,,A great place to shop for Steviva Brands products,,7a - 9p - 7 days a week,(614) 764-8780
Jack's Health Food Country,1107 Inman Avenue,,Edison,NJ,8820,USA,,A great place to shop for Steviva Brands products,jackshealthfoodcountry.com,7a - 9p - 7 days a week,(908) 561-0056
Jacks Natural Food Store,400 E Loop 281,,Longview,TX,75605,USA,,A great place to shop for Steviva Brands products,,7a - 9p - 7 days a week,(903) 758-9777
Jungle Jim's International Market,5440 Dixie Highway,,Fairfield,OH,45014,USA,,A great place to shop for Steviva Brands products,,7a - 9p - 7 days a week,(513) 674-6000
Just Delicious Diabetic Delights,16140 Southeast 82nd Drive,,Clackamas,OR,97015,USA,,A great place to shop for Steviva Brands products,,7a - 9p - 7 days a week,(503) 657-4547
Ken's Greenwood,7231 Greenwood Ave North,,Seattle,WA,98103,USA,,A great place to shop for Steviva Brands products,http://kensmarkets.com/,7a - 9p - 7 days a week,(206) 784-3470
Keystone Fresh Market,2364 Keystone Road,,Tarpon Springs,FL,34688,USA,,A great place to shop for Steviva Brands products,,7a - 9p - 7 days a week,(727) 943-0800
KMT,233 East 75th Street,,Chicago,IL,60619,USA,,A great place to shop for Steviva Brands products,,7a - 9p - 7 days a week,(773) 224-7500
Lake Nona Family Chiropractic,10743 Narcoossee Rd. Suite A-12,,Orlando,FL,32832,USA,,A great place to shop for Steviva Brands products,,7a - 9p - 7 days a week,(407) 658-7700
Lamb's At Stroheckers Market,2855 Southwest Patton Road,,Portland,OR,97201,USA,,A great place to shop for Steviva Brands products,lambsmarkets.com,7a - 9p - 7 days a week,(503) 223-7391
Lamb's Markets Garden Home,7410 Southwest Oleson Road,,Portland,OR,97223,USA,,A great place to shop for Steviva Brands products,lambsmarkets.com,7a - 9p - 7 days a week,(503) 244-9061
Lamb's on Scholls Thriftway,12220 SW Scholls Ferry Rd,,Portland,OR,97224,USA,,A great place to shop for Steviva Brands products,lambsmarkets.com,7a - 9p - 7 days a week,(503) 244-9061
Lambs Palisades Market,1377 McVey Avenue,,Lake Oswego,OR,97034,USA,,A great place to shop for Steviva Brands products,lambsmarkets.com,7a - 9p - 7 days a week,(503) 636-2213
Lamb's Wilsonville Thriftway,8255 Southwest Wilsonville Road,,Wilsonville,OR,97070,USA,,A great place to shop for Steviva Brands products,lambsmarkets.com,7a - 9p - 7 days a week,(503) 682-9053
lefferts food market,22-11 brookhaven av ap.5f,,far rockaway,NY,11691,USA,,A great place to shop for Steviva Brands products,,7a - 9p - 7 days a week,(718) 322-5300
Leonards Market,348 Cuesta Way,,Portola,CA,96122,USA,,A great place to shop for Steviva Brands products,,7a - 9p - 7 days a week,(530) 8325884
Linda's Diet Delites,1049 Raritan Road,,Clark,NJ,7066,USA,,A great place to shop for Steviva Brands products,lindasdietdelites.com,7a - 9p - 7 days a week,(732) 382-1099
Mardi Gras Zone,2706 Royal Street,,New Orleans,LA,70117,USA,,A great place to shop for Steviva Brands products,mardigraszone.com,7a - 9p - 7 days a week,(504) 947-8787
Mast Bulk Foods,158 North Ramona Road,,Myerstown,PA,17067,USA,,A great place to shop for Steviva Brands products,mastsbulk-healthfood.com,7a - 9p - 7 days a week,(717) 866-7046
Meyers Falls Market,163 E. Third Street,,Kettle Falls,WA,99141,USA,,A great place to shop for Steviva Brands products,http://www.meyersfallsmarket.com/,7a - 9p - 7 days a week,(509) 738-2727
Morning Glory Market,3260 Niles Road,,St Joseph,MI,49085,USA,,A great place to shop for Steviva Brands products,,7a - 9p - 7 days a week,(269) 408-1560
Mother Earth Foods,1638 19th Street,,Parkersburg,WV,26101,USA,,A great place to shop for Steviva Brands products,motherearthworks.com,7a - 9p - 7 days a week,(304) 428-1024
Native Sun Natural Foods Market,11030 Baymeadows Road,,Jacksonville,FL,32256,USA,,A great place to shop for Steviva Brands products,nativesunjax.com,7a - 9p - 7 days a week,(904) 519-2997
Native Sun Natural Foods Market,10000 San Jose Boulevard,,Jacksonville,FL,32257,USA,,A great place to shop for Steviva Brands products,nativesunjax.com,7a - 9p - 7 days a week,(904) 260-6950
Natural Foods Market,3211 Peoples Street,,Johnson City,TN,37604,USA,,A great place to shop for Steviva Brands products,www.nfmonline.com,7a - 9p - 7 days a week,(423) 610-1000
Natural Foods Market,2311 W Wadley,,Midland,TX,79705,USA,,A great place to shop for Steviva Brands products,http://www.naturalfoodsmkt.com/,7a - 9p - 7 days a week,(432) 699-4048
Natural Foods Market,3211 Peoples Street,,Johnson City,TN,37604,USA,,A great place to shop for Steviva Brands products,nfmonline.com,7a - 9p - 7 days a week,(423) 610-1000
Natural Garden,750 Manhattan Avenue,,Brooklyn,NY,11222,USA,,A great place to shop for Steviva Brands products,,7a - 9p - 7 days a week,(718) 349-3239
Natural Goodness Health Food,690 Glynn Street North,,Fayetteville,GA,30214,USA,,A great place to shop for Steviva Brands products,,7a - 9p - 7 days a week,(770) 461-0637
Natural Healing & Wellness Center,633 Riesling Cir,,Santa Clara,UT,84765,USA,,A great place to shop for Steviva Brands products,,7a - 9p - 7 days a week,(435) 656-2553
Natural Marketplace,8206 Providence Road,,Charlotte,NC,28277,USA,,A great place to shop for Steviva Brands products,,7a - 9p - 7 days a week,(704) 542-1444
Natural Nutrition,455 E Paces Ferry Road Northeast,,Atlanta,GA,30305,USA,,A great place to shop for Steviva Brands products,naturalnutritionals.com,7a - 9p - 7 days a week,(404) 591-0405
Natural Vitamins,671 Manhattan Avenue,,Brooklyn,NY,11222,USA,,A great place to shop for Steviva Brands products,,7a - 9p - 7 days a week,(718) 389-2596
Nature's Garden of Naples,2089 Tamiami Trail North,,Naples,FL,34102,USA,,A great place to shop for Steviva Brands products,,7a - 9p - 7 days a week,(239) 643-4959
Nature's House,159 Newark Avenue,,Jersey City,NJ,7302,USA,,A great place to shop for Steviva Brands products,,7a - 9p - 7 days a week,(201) 332-7555
Nature's Pantry,19019 E 48th Street South,,Independence,MO,64055,USA,,A great place to shop for Steviva Brands products,pantry.biz,7a - 9p - 7 days a week,(816) 478-1990
New Frontier Market,1101 West 8th Avenue,,Eugene,OR,97402,USA,,A great place to shop for Steviva Brands products,newfrontiermarket.com,7a - 9p - 7 days a week,(541) 345-7401
No Name Nutrition Market,2032 North 72nd Street,,Omaha,NE,68134,USA,,A great place to shop for Steviva Brands products,nonamenutrition.com,7a - 9p - 7 days a week,(402) 393-5812
Nova abc weight loss clinic,2010A Opitz Blvd,,Woodbridge,VA,22191,USA,,A great place to shop for Steviva Brands products,,7a - 9p - 7 days a week,(703) 494-1028
Nutrition & Fitness 4 You,2742 Camino Lazo,,Santa Fe,NM,87505,USA,,A great place to shop for Steviva Brands products,,7a - 9p - 7 days a week,(505) 473-4372
Nutrition Center,207 North Main Street,,Waupaca,WI,54981,USA,,A great place to shop for Steviva Brands products,,7a - 9p - 7 days a week,(715) 258-7733
Nutrition Plus,1105 Veterans Memorial Dr,,Abbeville,LA,70510,USA,,A great place to shop for Steviva Brands products,nutritionplus.com,7a - 9p - 7 days a week,(337) 893-6005
Old Country Store,455 Broadway Street,,Hot Springs,AR,71901,USA,,A great place to shop for Steviva Brands products,,7a - 9p - 7 days a week,(501) 624-1172
Open Circle Natural Foods,1120 North Duck Street,,Stillwater,OK,74075,USA,,A great place to shop for Steviva Brands products,,7a - 9p - 7 days a week,(405) 377-1688
ORCHID SPRINGS CHIROPRACTIC CENTER,605 OVERLOOK DR,,WINTER HAVEN,FL,33884,USA,,A great place to shop for Steviva Brands products,,7a - 9p - 7 days a week,(863) 318-9649
Parkway Natural Foods,1351 NE Highway 99W,,Mcminnville,OR,97128,USA,,A great place to shop for Steviva Brands products,parkwaynaturalfoods.com,7a - 9p - 7 days a week,(503) 472-8118
People's Food Coop,3029 Southeast 21st Avenue,,Portland,OR,97202,USA,,A great place to shop for Steviva Brands products,www.peoples.coop,7a - 9p - 7 days a week,(503) 674-2642
Piccadilly Market & Grill,7728 East Central Avenue,,Wichita,KS,67206,USA,,A great place to shop for Steviva Brands products,piccadillyusa.com,7a - 9p - 7 days a week,(316) 681-1100
Planet Ozone,1601 Southeast Federal Highway,,Stuart,FL,34994,USA,,A great place to shop for Steviva Brands products,,7a - 9p - 7 days a week,(772) 403-2199
R & K Unlimited Health Food,2043 Maple Avenue,,Marinette,WI,54143,USA,,A great place to shop for Steviva Brands products,,7a - 9p - 7 days a week,(715) 735-5839
Rainbow Grocery,1745 Folsom Street,,San Francisco,CA,94103,USA,,A great place to shop for Steviva Brands products,www.rainbowgrocery.org,7a - 9p - 7 days a week,415-863-0620
Ralph's Thriftway,1908 4th Avenue East,,Olympia,WA,98506,USA,,A great place to shop for Steviva Brands products,,7a - 9p - 7 days a week,(360) 943-4931
Rancho Viejo Village Market,55 Canada Del Rancho,,Santa Fe,NM,87508,USA,,A great place to shop for Steviva Brands products,,7a - 9p - 7 days a week,(505) 474-2828
Red Barn Natural Grocery,357 Van Buren St,,Eugene,OR,97402,USA,,A great place to shop for Steviva Brands products,redbarnnaturalgrocery.com,7a - 9p - 7 days a week,(541) 342-7503
Ritzman Natural Health,120 High Street,,Wadsworth,OH,44281,USA,,A great place to shop for Steviva Brands products,http://www.ritzmanpharmacies.com/,7a - 9p - 7 days a week,(330) 334-1549
Ritzman Natural Health Pharmacy,390 Robinson Avenue,,Barberton,OH,44203,USA,,A great place to shop for Steviva Brands products,ritzmanrx.com,7a - 9p - 7 days a week,(330) 745-0018
Ritzman Natural Health Pharmacy,9056 Center Stree,,Seville,OH,44273,USA,,A great place to shop for Steviva Brands products,ritzmanrx.com,7a - 9p - 7 days a week,(330) 769-2995
Ritzman Natural Health Pharmacy,119 Royal Crest Drive,,Seville,OH,44273,USA,,A great place to shop for Steviva Brands products,ritzmanrx.com,7a - 9p - 7 days a week,(330) 769-2995
Ruddocks Bakery,556 NE Court Circle,,Crowley,LA,70526,USA,,A great place to shop for Steviva Brands products,,7a - 9p - 7 days a week,(337) 783-2962
Salem Health - Academy Square,1116 Lancaster Drive NE,,Salem,OR,97301,USA,,A great place to shop for Steviva Brands products,http://www.salemhealthfoods.com/,7a - 9p - 7 days a week,(503) 362-0763
Salem Health - Mid Valley Plaza,1627 Mt. Hood,,Woodburn,OR,97071,USA,,A great place to shop for Steviva Brands products,http://www.salemhealthfoods.com/,7a - 9p - 7 days a week,(503) 981-7261
Salem Health - Salem Center,401 Center Street #294,,Salem,OR,97301,USA,,A great place to shop for Steviva Brands products,http://www.salemhealthfoods.com/,7a - 9p - 7 days a week,(503) 585-6938
Stoker's Vitaworld,215 Southwest 3rd Street,,Corvallis,OR,97333,USA,,A great place to shop for Steviva Brands products,stokersvitaworld.com,7a - 9p - 7 days a week,(541) 754-8487
Sunflower Shoppe,5817 Curzon Avenue,,Fort Worth,TX,76107,USA,,A great place to shop for Steviva Brands products,www.sunflowershoppe.com,7a - 9p - 7 days a week,(817) 738-9051
Super Save Discount Foods,501 West 18th Street,,Portales,NM,88130,USA,,A great place to shop for Steviva Brands products,,7a - 9p - 7 days a week,(575) 356-4036
Tastebud's Natural Foods,1807 Hylan Boulevard,,Staten Island,NY,10305,USA,,A great place to shop for Steviva Brands products,,7a - 9p - 7 days a week,(718) 351-8693
Teff Chiropractic,6417 University Ave.,,Middleton,WI,53562,USA,,A great place to shop for Steviva Brands products,,7a - 9p - 7 days a week,
The Boothbay Chiropractor,18 West Street,,Boothbay Harbor,ME,4538,USA,,A great place to shop for Steviva Brands products,,7a - 9p - 7 days a week,(207) 633-5500
The Natural Shop,107 County Road 211,,Houston,MI,38851,USA,,A great place to shop for Steviva Brands products,,7a - 9p - 7 days a week,(662) 456-7306
Thriftway Stores: Morgan-West Seattle,4201 Southwest Morgan Street,,Seattle,WA,98136,USA,,A great place to shop for Steviva Brands products,westseattlethriftway.com,7a - 9p - 7 days a week,(206) 937-0245
Toucan Market,1701 East University Avenue,,Las Cruces,NM,88001,USA,,A great place to shop for Steviva Brands products,www.toucanmarket.com,7a - 9p - 7 days a week,(575) 521-3003
True Nature Health Foods,6034 North Broadway,,Chicago,IL,60660,USA,,A great place to shop for Steviva Brands products,truenaturefoods.com,7a - 9p - 7 days a week,(773) 465-6400
Valentine Chiropractic,17599 Magnolia st,,fountain valley,CA,92708,USA,,A great place to shop for Steviva Brands products,,7a - 9p - 7 days a week,(714) 964-9566
Valley Health Foods,117 South Cherry Street,,Florence,AL,35630,USA,,A great place to shop for Steviva Brands products,,7a - 9p - 7 days a week,(256) 764-5340
Valley Health Foods,1601 Woodward Avenue,,Muscle Shoals,AL,35661,USA,,A great place to shop for Steviva Brands products,,7a - 9p - 7 days a week,(256) 381-4260
Veggie Monster,39-86 61st Street,,Woodside,NY,11377,USA,,A great place to shop for Steviva Brands products,,7a - 9p - 7 days a week,(718) 478-8880
Village Natural Market,86 Pondfield Road,,Bronxville,NY,10708,USA,,A great place to shop for Steviva Brands products,,7a - 9p - 7 days a week,(914) 779-3552
Vita-Mart Inc,2508 Plant Avenue,,Waycross,GA,31501,USA,,A great place to shop for Steviva Brands products,,7a - 9p - 7 days a week,(912) 285-9306
Vitamin's Plus,2550 Barrow Street,,Abilene,TX,79605,USA,,A great place to shop for Steviva Brands products,vitamins-plus.net,7a - 9p - 7 days a week,(325) 698-0512
Vitamin's Plus,5900 Bosque Boulevard,,Waco,TX,76710,USA,,A great place to shop for Steviva Brands products,vitamins-plus.net,7a - 9p - 7 days a week,(254) 776-7867
Von Kiel Health Clinic,PO Box K,,Breinigsville,PA,18031,USA,,A great place to shop for Steviva Brands products,,7a - 9p - 7 days a week,(484) 951-9223
Ward's Super Market,515 Northwest 23rd Avenue,,Gainesville,FL,32609,USA,,A great place to shop for Steviva Brands products,wardsgainesville.com,7a - 9p - 7 days a week,(352) 372-1741
Wealth of Health Nutrition Center,1309 Avenue U,,Brooklyn,NY,11229,USA,,A great place to shop for Steviva Brands products,maxihealth.com,7a - 9p - 7 days a week,(718) 645-2222
Weber's Health Foods,18400 Euclid Avenue,,Cleveland,OH,44112,USA,,A great place to shop for Steviva Brands products,,7a - 9p - 7 days a week,(216) 481-9544
Western United Drug & General Store,106 East Main Street,,Springerville,AZ,85938,USA,,A great place to shop for Steviva Brands products,,7a - 9p - 7 days a week,(928) 333-4321
Westside Market NYC,77 7th Avenue,,New York,NY,10011,USA,,A great place to shop for Steviva Brands products,wmarketnyc.com,7a - 9p - 7 days a week,(212) 807-7771
Westside Market NYC,2840 Broadway,,New York,NY,10025,USA,,A great place to shop for Steviva Brands products,wmarketnyc.com,7a - 9p - 7 days a week,(212) 222-3367
Wild Herb Market,1714 Sudderth Drive,,Ruidoso,NM,88345,USA,,A great place to shop for Steviva Brands products,www.thewildherbmarket.com,7a - 9p - 7 days a week,(575) 257-0138
Winding Way Farms,831 East McGalliard Road,,Muncie,IN,47303,USA,,A great place to shop for Steviva Brands products,windingwayfarms.com,7a - 9p - 7 days a week,(765) 284-6844
Yelm Food Co-Op,404 1st Street South,,Yelm,WA,98597,USA,,A great place to shop for Steviva Brands products,yelmcoop.com,7a - 9p - 7 days a week,(360) 400-2210
Natural Foods Warehouse,6000 Medlock Bridge Parkway,,Alpharetta,GA,30022,USA,,A great place to shop for Steviva Brands products,naturalfoodswarehouse.com,7a - 9p - 7 days a week,(770) 418-2828?
Natural Foods Warehouse,10591 Old Alabama Connector Rd.,,Alpharetta,GA,30022,USA,,A great place to shop for Steviva Brands products,naturalfoodswarehouse.com,7a - 9p - 7 days a week,(770) 998-9500?
Organic Food Depot,4301 Commuter Dr.,,Virginia Beach,VA,23462,USA,,A great place to shop for Steviva Brands products,http://www.organicfooddepot.com/,7a - 9p - 7 days a week,(757) 467-8999
Organic Food Depot,1912 Granby St.,,Norfolk,VA,23517,USA,,A great place to shop for Steviva Brands products,http://www.organicfooddepot.com/,7a - 9p - 7 days a week,(757) 467-8999
Eastside Health Food Store,1498 3rd Avenue,,New York,NY,10028,USA,,A great place to shop for Steviva Brands products,,7a - 9p - 7 days a week,(212) 439-9534
Artisan Natural Foods,315 S. Williams St,,Westville,OK,74965,USA,,A great place to shop for Steviva Brands products,http://www.anfmassage.com/,7a - 9p - 7 days a week,(918) 344-7832
Gluten Free Store,807 Waukegan Road,,Northbrook,IL,60062,USA,,A great place to shop for Steviva Brands products,,7a - 9p - 7 days a week,(847) 513-6515
Healthy Alternatives,2292 Michigan 119,,Petoskey,MI,49770,USA,,A great place to shop for Steviva Brands products,http://www.manta.com/c/mmq07jf/healthy-alternatives,7a - 9p - 7 days a week,(231) 348-8390
Lozlows Specialties,1500 4th St. Suite B,,Graham,TX,76450,USA,,A great place to shop for Steviva Brands products,,7a - 9p - 7 days a week,(940) 549-7900
Mast Bulk Foods,158 North Ramona Road,,Myerstown,PA,17067,USA,,A great place to shop for Steviva Brands products,,7a - 9p - 7 days a week,(717) 866-7046
Natural Gourmet,2225 South Neil Street,,Champaign,IL,61820,USA,,A great place to shop for Steviva Brands products,http://naturalgourmetfoods.com/,7a - 9p - 7 days a week,(217) 355-6365
Olive May Natural Foods,516 Main Street,,East Orange,NJ,7018,USA,,A great place to shop for Steviva Brands products,,7a - 9p - 7 days a week,(973) 673-7306
Serenity Farm Bread,Main St & Highway 66,,Leslie,AR,72645,USA,,A great place to shop for Steviva Brands products,http://serenityfarmbread.us/,7a - 9p - 7 days a week,(870) 447-2210
Tailor Made Nutrition,8160 Coller Way,,St Paul,MN,55125,USA,,A great place to shop for Steviva Brands products,http://www.tailormadenutrition.com,7a - 9p - 7 days a week,(651) 702-2522
Waterford Grocery,20478 Waterford Road,,Fredericktown,OH,43019,USA,,A great place to shop for Steviva Brands products,http://www.waterfordgrocery.com/,7a - 9p - 7 days a week,(740) 694-2222
Winding Way Farms,831 East McGalliard Road,,Muncie,IN,47303,USA,,A great place to shop for Steviva Brands products,http://www.windingwayfarms.com/,7a - 9p - 7 days a week,(765) 284-6844
Bales Marketplace - Thriftway,12675 Northwest Cornell Road,,Portland,OR,97229,USA,,A great place to shop for Steviva Brands products,http://www.balesmarketplace.com/,7a - 9p - 7 days a week,(503) 646-9636
Alberta Coop,1500 NE Alberta St.,,Portland,OR,97211,USA,,A great place to shop for Steviva Brands products,www.albertagrocery.coop,7a - 9p - 7 days a week,(503) 287-4333
